TrackName,ArtistName,Album,PlaylistName,Type,ISRC
"Miracle","Above & Beyond","Acoustic","all of it","Playlist","74197921"
"You Got To Go","Above & Beyond","Acoustic","all of it","Playlist","74197922"
"Satellite / Stealing Time","Above & Beyond","Acoustic","all of it","Playlist","74197923"
"Thing Called Love","Above & Beyond","Acoustic","all of it","Playlist","74197924"
"Can't Sleep","Above & Beyond","Acoustic","all of it","Playlist","74197925"
"Sun & Moon","Above & Beyond","Acoustic","all of it","Playlist","74197926"
"Good For Me","Above & Beyond","Acoustic","all of it","Playlist","74197927"
"Sirens Of The Sea","Above & Beyond","Acoustic","all of it","Playlist","74197928"
"Love Is Not Enough","Above & Beyond","Acoustic","all of it","Playlist","74197929"
"On A Good Day (Acoustic)","Above & Beyond","Acoustic","all of it","Playlist","74197930"
"Alone Tonight","Above & Beyond","Acoustic","all of it","Playlist","74197931"
"Making Plans","Above & Beyond","Acoustic","all of it","Playlist","74197932"
"Baby, I'm an Anarchist!","Against Me!","Reinventing Axl Rose","all of it","Playlist","552762772"
"New Wave","Against Me!","New Wave (U.S. Version)","all of it","Playlist","680417"
"Up the Cuts","Against Me!","New Wave (U.S. Version)","all of it","Playlist","680418"
"Thrash Unreal","Against Me!","New Wave (U.S. Version)","all of it","Playlist","680420"
"White People for Peace","Against Me!","New Wave (U.S. Version)","all of it","Playlist","680422"
"Stop!","Against Me!","New Wave (U.S. Version)","all of it","Playlist","680424"
"Borne on the FM Waves of the Heart","Against Me!","New Wave (U.S. Version)","all of it","Playlist","680426"
"Piss and Vinegar","Against Me!","New Wave (U.S. Version)","all of it","Playlist","680428"
"Americans Abroad","Against Me!","New Wave (U.S. Version)","all of it","Playlist","680430"
"Animal","Against Me!","New Wave (U.S. Version)","all of it","Playlist","680431"
"The Ocean","Against Me!","New Wave (U.S. Version)","all of it","Playlist","680433"
"Ironic","Alanis Morissette","The Collection (Standard Edition)","all of it","Playlist","789250"
"You Oughta Know (2015 Remaster)","Alanis Morissette","Jagged Little Pill (2015 Remaster)","all of it","Playlist","109843288"
"Hand in My Pocket (2015 Remaster)","Alanis Morissette","Jagged Little Pill (2015 Remaster)","all of it","Playlist","109843292"
"Uninvited","Alanis Morissette","The Collection (Standard Edition)","all of it","Playlist","789312"
"Ho Hey","Alex Boye","Africanized","all of it","Playlist","1214813562"
"Osh√©","Alex Boye","Africanized","all of it","Playlist","1214813582"
"Man in the Box","Alice in Chains","Facelift","all of it","Playlist","15523335"
"Rooster","Alice in Chains","Greatest Hits","all of it","Playlist","15178364"
"A Try","Alien Lipstick Fire","A Try","all of it","Playlist","477922162"
"A Horse with No Name","America","America's Greatest Hits - History","all of it","Playlist","727720"
"Ventura Highway","America","America's Greatest Hits - History","all of it","Playlist","727733"
"Lonely People","America","Holiday","all of it","Playlist","732851"
"Sister Golden Hair","America","America's Greatest Hits - History","all of it","Playlist","727762"
"Old Fashioned Hat","Anais Mitchell","The Brightness","all of it","Playlist","583111572"
"Compersion Pt. 1","Arab Strap","As Days Get Dark","all of it","Playlist","1121164152"
"The Turning of Our Bones","Arab Strap","As Days Get Dark","all of it","Playlist","1121164132"
"Do I Wanna Know?","Arctic Monkeys","AM","all of it","Playlist","70322130"
"R U Mine?","Arctic Monkeys","AM","all of it","Playlist","70322132"
"On to Something Good","Ashley Monroe","The Blade","all of it","Playlist","103915924"
"Show Me How to Live","Audioslave","Audioslave","all of it","Playlist","851050"
"Like a Stone","Audioslave","Audioslave","all of it","Playlist","851057"
"Can't Get Enough (2009 Remaster)","Bad Company","10 from 6 (2009 Remaster)","all of it","Playlist","3818859"
"Feel like Makin' Love (2009 Remaster)","Bad Company","10 from 6 (2009 Remaster)","all of it","Playlist","3818860"
"Run with the Pack (2009 Remaster)","Bad Company","10 from 6 (2009 Remaster)","all of it","Playlist","3818861"
"Shooting Star (2009 Remaster)","Bad Company","10 from 6 (2009 Remaster)","all of it","Playlist","3818862"
"Movin' On (2009 Remaster)","Bad Company","10 from 6 (2009 Remaster)","all of it","Playlist","3818863"
"Bad Company (2009 Remaster)","Bad Company","10 from 6 (2009 Remaster)","all of it","Playlist","3818864"
"Rock 'n' Roll Fantasy (2009 Remaster)","Bad Company","10 from 6 (2009 Remaster)","all of it","Playlist","3818865"
"Electricland (2009 Remaster)","Bad Company","10 from 6 (2009 Remaster)","all of it","Playlist","3818866"
"Ready for Love (2009 Remaster)","Bad Company","10 from 6 (2009 Remaster)","all of it","Playlist","3818867"
"Live for the Music (2009 Remaster)","Bad Company","10 from 6 (2009 Remaster)","all of it","Playlist","3818868"
"Sweet Sour","Band Of Skulls","Sweet Sour","all of it","Playlist","145613902"
"Falling for the First Time","Barenaked Ladies","Disc One: All Their Greatest Hits 1991 - 2001","all of it","Playlist","4091559"
"One Week","Barenaked Ladies","Disc One: All Their Greatest Hits 1991 - 2001","all of it","Playlist","4091561"
"If I Had $1,000,000","Barenaked Ladies","Disc One: All Their Greatest Hits 1991 - 2001","all of it","Playlist","4091565"
"It's All Been Done","Barenaked Ladies","Disc One: All Their Greatest Hits 1991 - 2001","all of it","Playlist","4091568"
"Pinch Me (Radio Version)","Barenaked Ladies","Disc One: All Their Greatest Hits 1991 - 2001","all of it","Playlist","4091571"
"Pompeii","Bastille","Bad Blood","all of it","Playlist","1758855217"
"Things We Lost In The Fire","Bastille","Bad Blood","all of it","Playlist","1758855227"
"Overjoyed","Bastille","Bad Blood","all of it","Playlist","1758855247"
"Laura Palmer","Bastille","Bad Blood","all of it","Playlist","1758855317"
"Loser","Beck","90s Rock","all of it","Playlist","432946872"
"The Only Place","Best Coast","The Only Place (Deluxe)","all of it","Playlist","1809265477"
"Feeling Ok","Best Coast","California Nights","all of it","Playlist","115357122"
"Heaven Sent","Best Coast","California Nights","all of it","Playlist","115357126"
"Fine Without You","Best Coast","California Nights","all of it","Playlist","115357124"
"When Will I Change","Best Coast","California Nights","all of it","Playlist","115357132"
"California Nights","Best Coast","California Nights","all of it","Playlist","115357136"
"Dirty Laundry","Bitter:Sweet","The Mating Game","all of it","Playlist","11124712"
"The Mating Game","Bitter:Sweet","The Mating Game","all of it","Playlist","11124706"
"Take 2 Blue","Bitter:Sweet","The Mating Game","all of it","Playlist","11124715"
"The Real Thing","Bo Bice","The Real Thing","all of it","Playlist","71215978"
"Livin' On A Prayer","Bon Jovi","Slippery When Wet","all of it","Playlist","538660022"
"You Give Love A Bad Name","Bon Jovi","Bon Jovi Greatest Hits - The Ultimate Collection (Deluxe)","all of it","Playlist","577487242"
"Wanted Dead Or Alive","Bon Jovi","Cross Road","all of it","Playlist","538586992"
"More Than a Feeling","Boston","Boston","all of it","Playlist","84340025"
"Peace of Mind","Boston","Boston","all of it","Playlist","84340027"
"Foreplay / Long Time","Boston","Boston","all of it","Playlist","84340029"
"Rock & Roll Band","Boston","Boston","all of it","Playlist","84340031"
"Smokin'","Boston","Boston","all of it","Playlist","84340033"
"Hitch a Ride","Boston","Boston","all of it","Playlist","84340035"
"Something About You","Boston","Boston","all of it","Playlist","84340037"
"Let Me Take You Home Tonight","Boston","Boston","all of it","Playlist","84340039"
"Don't Look Back","Boston","Don't Look Back","all of it","Playlist","15189261"
"The Journey","Boston","Don't Look Back","all of it","Playlist","15189266"
"It's Easy","Boston","Don't Look Back","all of it","Playlist","15191008"
"A Man I'll Never Be","Boston","Don't Look Back","all of it","Playlist","15193706"
"Feelin' Satisfied","Boston","Don't Look Back","all of it","Playlist","15189263"
"Party","Boston","Don't Look Back","all of it","Playlist","15191469"
"Used to Bad News","Boston","Don't Look Back","all of it","Playlist","15190557"
"Don't Be Afraid","Boston","Don't Look Back","all of it","Playlist","15189260"
"1985","Bowling for Soup","A Hangover You Don't Deserve","all of it","Playlist","2454457"
"Stacy's Mom","Bowling for Soup","I've Never Done Anything Like This","all of it","Playlist","22712561"
"Girl All the Bad Guys Want","Bowling for Soup","Drunk Enough To Dance","all of it","Playlist","63334975"
"I Ran (So Far Away)","Bowling for Soup","Drunk Enough To Dance","all of it","Playlist","63334990"
"The Diary Of Jane","Breaking Benjamin","Shallow Bay: The Best Of Breaking Benjamin Deluxe Edition (Explicit)","all of it","Playlist","13711280"
"So Cold","Breaking Benjamin","Shallow Bay: The Best Of Breaking Benjamin Deluxe Edition (Explicit)","all of it","Playlist","13711277"
"I Will Not Bow","Breaking Benjamin","Dear Agony","all of it","Playlist","4638671"
"Trying","Bully","Feels Like","all of it","Playlist","102213502"
"Everything Zen","Bush","Sixteen Stone (Remastered)","all of it","Playlist","424502712"
"Comedown","Bush","Sixteen Stone (Remastered)","all of it","Playlist","424502752"
"Machinehead","Bush","Sixteen Stone (Remastered)","all of it","Playlist","424502772"
"Glycerine","Bush","Sixteen Stone (Remastered)","all of it","Playlist","424502802"
"Greedy Fly","Bush","Razorblade Suitcase (Remastered)","all of it","Playlist","424502962"
"Swallowed","Bush","Razorblade Suitcase (Remastered)","all of it","Playlist","424502972"
"Cold Contagious","Bush","Razorblade Suitcase (Remastered)","all of it","Playlist","424502992"
"Pepper","Butthole Surfers","Electriclarryland","all of it","Playlist","3643236"
"Ain't No Rest for the Wicked","Cage The Elephant","Cage The Elephant (Expanded Edition)","all of it","Playlist","561626942"
"In One Ear","Cage The Elephant","Cage The Elephant (Expanded Edition)","all of it","Playlist","561626922"
"Frank Sinatra","CAKE","Fashion Nugget","all of it","Playlist","959353"
"The Distance","CAKE","Fashion Nugget","all of it","Playlist","959356"
"Friend Is a Four Letter Word","CAKE","Fashion Nugget","all of it","Playlist","959360"
"Open Book","CAKE","Fashion Nugget","all of it","Playlist","959363"
"Daria","CAKE","Fashion Nugget","all of it","Playlist","959367"
"Race Car Ya-Yas","CAKE","Fashion Nugget","all of it","Playlist","959369"
"I Will Survive","CAKE","Fashion Nugget","all of it","Playlist","959372"
"Stickshifts and Safetybelts","CAKE","Fashion Nugget","all of it","Playlist","959373"
"Perhaps, Perhaps, Perhaps","CAKE","Fashion Nugget","all of it","Playlist","959376"
"It's Coming Down","CAKE","Fashion Nugget","all of it","Playlist","959379"
"Nugget","CAKE","Fashion Nugget","all of it","Playlist","960491"
"She'll Come Back to Me","CAKE","Fashion Nugget","all of it","Playlist","959382"
"Italian Leather Sofa","CAKE","Fashion Nugget","all of it","Playlist","959387"
"Sad Songs and Waltzes","CAKE","Fashion Nugget","all of it","Playlist","959388"
"Satan Is My Motor","CAKE","Prolonging the Magic","all of it","Playlist","969429"
"Mexico","CAKE","Prolonging the Magic","all of it","Playlist","969432"
"Never There","CAKE","Prolonging the Magic","all of it","Playlist","969434"
"Guitar","CAKE","Prolonging the Magic","all of it","Playlist","970692"
"You Turn The Screws","CAKE","Prolonging the Magic","all of it","Playlist","969436"
"Walk On By","CAKE","Prolonging the Magic","all of it","Playlist","969439"
"Sheep Go To Heaven","CAKE","Prolonging the Magic","all of it","Playlist","969442"
"When You Sleep","CAKE","Prolonging the Magic","all of it","Playlist","970693"
"Hem Of Your Garment","CAKE","Prolonging the Magic","all of it","Playlist","970694"
"Alpha Beta Parking Lot","CAKE","Prolonging the Magic","all of it","Playlist","969444"
"Let Me Go","CAKE","Prolonging the Magic","all of it","Playlist","969447"
"Cool Blue Reason","CAKE","Prolonging the Magic","all of it","Playlist","969449"
"Where Would I Be?","CAKE","Prolonging the Magic","all of it","Playlist","969451"
"Opera Singer","CAKE","Comfort Eagle","all of it","Playlist","624196"
"Meanwhile, Rick James...","CAKE","Comfort Eagle","all of it","Playlist","624406"
"Shadow Stabbing","CAKE","Comfort Eagle","all of it","Playlist","624195"
"Short Skirt / Long Jacket","CAKE","Comfort Eagle","all of it","Playlist","624991"
"Commissioning a Symphony In C","CAKE","Comfort Eagle","all of it","Playlist","623112"
"Arco Arena (Instrumental)","CAKE","Comfort Eagle","all of it","Playlist","623121"
"Comfort Eagle","CAKE","Comfort Eagle","all of it","Playlist","623531"
"Long Line of Cars","CAKE","Comfort Eagle","all of it","Playlist","625159"
"Love You Madly","CAKE","Comfort Eagle","all of it","Playlist","624966"
"Pretty Pink Ribbon","CAKE","Comfort Eagle","all of it","Playlist","623110"
"World of Two","CAKE","Comfort Eagle","all of it","Playlist","623111"
"Wheels","CAKE","Pressure Chief","all of it","Playlist","586525"
"No Phone (Album Version)","CAKE","Pressure Chief","all of it","Playlist","586529"
"Take It All Away (Album Version)","CAKE","Pressure Chief","all of it","Playlist","586532"
"Dime (Album Version)","CAKE","Pressure Chief","all of it","Playlist","586535"
"Carbon Monoxide (Album Version)","CAKE","Pressure Chief","all of it","Playlist","586539"
"The Guitar Man (Album Version)","CAKE","Pressure Chief","all of it","Playlist","586551"
"Waiting (Album Version)","CAKE","Pressure Chief","all of it","Playlist","586554"
"She'll Hang the Baskets (Album Version)","CAKE","Pressure Chief","all of it","Playlist","586541"
"End of the Movie (Album Version)","CAKE","Pressure Chief","all of it","Playlist","586544"
"Palm of Your Hand (Album Version)","CAKE","Pressure Chief","all of it","Playlist","586284"
"Tougher Than It Is (Album Version)","CAKE","Pressure Chief","all of it","Playlist","586547"
"War Pigs","CAKE","B-Sides and Rarities","all of it","Playlist","572422512"
"Ruby, Don't Take Your Love To Town","CAKE","B-Sides and Rarities","all of it","Playlist","572422522"
"Mahna, Mahna","CAKE","B-Sides and Rarities","all of it","Playlist","572422532"
"Excuse Me, I Think I've Got A Heartache","CAKE","B-Sides and Rarities","all of it","Playlist","572422542"
"Conroy","CAKE","B-Sides and Rarities","all of it","Playlist","572422552"
"Strangers In The Night","CAKE","B-Sides and Rarities","all of it","Playlist","572422562"
"Multiply The Heartaches","CAKE","B-Sides and Rarities","all of it","Playlist","572422572"
"Never, Never Gonna Give You Up","CAKE","B-Sides and Rarities","all of it","Playlist","572422582"
"Thrills","CAKE","B-Sides and Rarities","all of it","Playlist","572422592"
"Is This Love","CAKE","B-Sides and Rarities","all of it","Playlist","572422632"
"Bright Lights Bigger City","CeeLo Green","The Lady Killer","all of it","Playlist","14574356"
"Fuck You","CeeLo Green","The Lady Killer","all of it","Playlist","14574357"
"Love Gun (feat. Lauren Bennett)","CeeLo Green","The Lady Killer","all of it","Playlist","14574360"
"I Want You","CeeLo Green","The Lady Killer","all of it","Playlist","14574362"
"It's OK","CeeLo Green","The Lady Killer","all of it","Playlist","14574365"
"No One's Gonna Love You","CeeLo Green","The Lady Killer","all of it","Playlist","14574367"
"Redbone","Childish Gambino","""Awaken, My Love!""","all of it","Playlist","1855603117"
"Black Hole Sun","Soundgarden","Superunknown (Super Deluxe)","all of it","Playlist","78631539"
"Spoonman","Soundgarden","Superunknown (Deluxe Edition)","all of it","Playlist","78690536"
"The Affidavit","Clutch","Psychic Warfare","all of it","Playlist","123601696"
"X-Ray Visions","Clutch","Psychic Warfare","all of it","Playlist","123601698"
"Firebirds","Clutch","Psychic Warfare","all of it","Playlist","123601700"
"A Quick Death in Texas","Clutch","Psychic Warfare","all of it","Playlist","123601702"
"Sucker for the Witch","Clutch","Psychic Warfare","all of it","Playlist","123601704"
"Your Love Is Incarceration","Clutch","Psychic Warfare","all of it","Playlist","123601706"
"Doom Saloon","Clutch","Psychic Warfare","all of it","Playlist","123601708"
"Our Lady of Electric Light","Clutch","Psychic Warfare","all of it","Playlist","123601710"
"Noble Savage","Clutch","Psychic Warfare","all of it","Playlist","123601712"
"Behold the Colossus","Clutch","Psychic Warfare","all of it","Playlist","123601714"
"Decapitation Blues","Clutch","Psychic Warfare","all of it","Playlist","123601716"
"Son of Virginia","Clutch","Psychic Warfare","all of it","Playlist","123601718"
"Hang Me Up To Dry","Cold War Kids","This Will All Blow Over In Time","all of it","Playlist","598067472"
"Simple","Collective Soul","Collective Soul","all of it","Playlist","1444368232"
"Untitled","Collective Soul","Collective Soul","all of it","Playlist","1444368282"
"The World I Know (LP Version)","Collective Soul","Collective Soul","all of it","Playlist","1444368322"
"Smashing Young Man","Collective Soul","Collective Soul","all of it","Playlist","1444368342"
"December","Collective Soul","Collective Soul","all of it","Playlist","1444368392"
"Where The River Flows","Collective Soul","Collective Soul","all of it","Playlist","1444368442"
"Gel","Collective Soul","Collective Soul","all of it","Playlist","1444368492"
"Tremble For My Beloved","Collective Soul","Dosage","all of it","Playlist","1444386562"
"Heavy","Collective Soul","Dosage","all of it","Playlist","1444386572"
"No More No Less","Collective Soul","Dosage","all of it","Playlist","1444386582"
"Slow","Collective Soul","Dosage","all of it","Playlist","1444386602"
"Run","Collective Soul","Dosage","all of it","Playlist","1444386622"
"Perfect Day","Collective Soul","Blender","all of it","Playlist","1444364502"
"Better Now","Collective Soul","Youth","all of it","Playlist","1983561387"
"Cold","Crossfade","Crossfade","all of it","Playlist","581935"
"One More Time","Daft Punk","Discovery","all of it","Playlist","3135553"
"Aerodynamic","Daft Punk","Discovery","all of it","Playlist","3135554"
"Digital Love","Daft Punk","Discovery","all of it","Playlist","3135555"
"Harder, Better, Faster, Stronger","Daft Punk","Discovery","all of it","Playlist","3135556"
"Something About Us","Daft Punk","Discovery","all of it","Playlist","3135561"
"The Game of Love","Daft Punk","Random Access Memories","all of it","Playlist","67238729"
"Giorgio by Moroder","Daft Punk","Random Access Memories","all of it","Playlist","67238730"
"Instant Crush (feat. Julian Casablancas)","Daft Punk","Random Access Memories","all of it","Playlist","67238732"
"Touch (feat. Paul Williams)","Daft Punk","Random Access Memories","all of it","Playlist","67238734"
"Fragments of Time (feat. Todd Edwards)","Daft Punk","Random Access Memories","all of it","Playlist","67238738"
"Doin' it Right (feat. Panda Bear)","Daft Punk","Random Access Memories","all of it","Playlist","67238739"
"Contact","Daft Punk","Random Access Memories","all of it","Playlist","67238740"
"Slow Dance with a Stranger","Danger Radio","Used and Abused","all of it","Playlist","903301"
"Kiss N' Tell","Danger Radio","Used and Abused","all of it","Playlist","903299"
"Alive for the First Time","Danger Radio","Used and Abused","all of it","Playlist","903303"
"Grown Up","Danny Brown","Grown Up","all of it","Playlist","961817602"
"Freeze Me","Death From Above 1979","Outrage! Is Now","all of it","Playlist","388894521"
"Never Swim Alone","Death From Above 1979","Outrage! Is Now","all of it","Playlist","388894551"
"Wasting My Time","Default","The Fallout (Limited Edition)","all of it","Playlist","2370424"
"Rocket","Def Leppard","Hysteria","all of it","Playlist","447552792"
"Love Bites","Def Leppard","Hysteria","all of it","Playlist","447552812"
"Animal","Def Leppard","Hysteria","all of it","Playlist","447552802"
"Pour Some Sugar On Me","Def Leppard","Hysteria","all of it","Playlist","447552822"
"Armageddon It","Def Leppard","Hysteria","all of it","Playlist","447552832"
"Hysteria","Def Leppard","Hysteria","all of it","Playlist","447552872"
"Let's Get Rocked","Def Leppard","Adrenalize","all of it","Playlist","449185002"
"Heaven Is","Def Leppard","Adrenalize","all of it","Playlist","449185012"
"Make Love Like A Man","Def Leppard","Adrenalize","all of it","Playlist","449185022"
"Have You Ever Needed Someone So Bad","Def Leppard","Adrenalize","all of it","Playlist","449185072"
"Bringin' On The Heartbreak","Def Leppard","High 'N' Dry","all of it","Playlist","447552692"
"Roll To Me","Del Amitri","Twisted","all of it","Playlist","2528644"
"Arena","Digitalism","Mirage","all of it","Playlist","124467760"
"Battlecry","Digitalism","Mirage","all of it","Playlist","124467762"
"Go Time","Digitalism","Mirage","all of it","Playlist","124467764"
"Utopia","Digitalism","Mirage","all of it","Playlist","124467766"
"Destination Breakdown","Digitalism","Mirage","all of it","Playlist","124467768"
"Power Station","Digitalism","Mirage","all of it","Playlist","124467770"
"Open Waters","Digitalism","Mirage","all of it","Playlist","124467772"
"Mirage [Pt. One]","Digitalism","Mirage","all of it","Playlist","124467774"
"Mirage [Pt. Two]","Digitalism","Mirage","all of it","Playlist","124467776"
"Indigo Skies","Digitalism","Mirage","all of it","Playlist","124467778"
"Dynamo","Digitalism","Mirage","all of it","Playlist","124467780"
"The Ism","Digitalism","Mirage","all of it","Playlist","124467782"
"Shangri-La","Digitalism","Mirage","all of it","Playlist","124467784"
"No Cash","Digitalism","Mirage","all of it","Playlist","124467786"
"Blink","Digitalism","Mirage","all of it","Playlist","124467788"
"I'm Still Standing","Elton John","Too Low For Zero","all of it","Playlist","1171163"
"Someday Out Of The Blue (Theme From El Dorado) (From ""The Road To El Dorado"" Soundtrack)","Elton John","The Road To El Dorado (Original Motion Picture Soundtrack)","all of it","Playlist","212169431"
"Without Question (From ""The Road To El Dorado"" Soundtrack)","Elton John","The Road To El Dorado (Original Motion Picture Soundtrack)","all of it","Playlist","212169441"
"El Dorado (From ""The Road To El Dorado"" Soundtrack)","Elton John","The Road To El Dorado (Original Motion Picture Soundtrack)","all of it","Playlist","212169421"
"Friends Never Say Goodbye (From ""The Road To El Dorado"" Soundtrack)","Elton John","The Road To El Dorado (Original Motion Picture Soundtrack)","all of it","Playlist","212169451"
"The Trail We Blaze (From ""The Road To El Dorado"" Soundtrack)","Elton John","The Road To El Dorado (Original Motion Picture Soundtrack)","all of it","Playlist","212169461"
"16th Century Man (From ""The Road To El Dorado"" Soundtrack)","Elton John","The Road To El Dorado (Original Motion Picture Soundtrack)","all of it","Playlist","212169471"
"The Panic In Me (From ""The Road To El Dorado"" Soundtrack)","Elton John","The Road To El Dorado (Original Motion Picture Soundtrack)","all of it","Playlist","212169481"
"It's Tough To Be A God (From ""The Road To El Dorado"" Soundtrack)","Elton John","The Road To El Dorado (Original Motion Picture Soundtrack)","all of it","Playlist","212169491"
"Trust Me (From ""The Road To El Dorado"" Soundtrack)","Elton John","The Road To El Dorado (Original Motion Picture Soundtrack)","all of it","Playlist","212169501"
"My Heart Dances (From ""The Road To El Dorado"" Soundtrack)","Elton John","The Road To El Dorado (Original Motion Picture Soundtrack)","all of it","Playlist","212169511"
"Queen Of Cities (From ""The Road To El Dorado"" Soundtrack)","Elton John","The Road To El Dorado (Original Motion Picture Soundtrack)","all of it","Playlist","212169521"
"Funeral For A Friend / Love Lies Bleeding (Remastered 2014)","Elton John","Goodbye Yellow Brick Road (Remastered)","all of it","Playlist","75859733"
"Candle In The Wind (Remastered 2014)","Elton John","Goodbye Yellow Brick Road (Remastered)","all of it","Playlist","75859734"
"Bennie And The Jets (Remastered 2014)","Elton John","Goodbye Yellow Brick Road (Remastered)","all of it","Playlist","75859735"
"Turn Around","Enigma","Love Sensuality Devotion: The Greatest Hits","all of it","Playlist","3130006"
"Gravity Of Love","Enigma","Love Sensuality Devotion: The Greatest Hits","all of it","Playlist","3130007"
"T.N.T. For The Brain","Enigma","Love Sensuality Devotion: The Greatest Hits","all of it","Playlist","3130008"
"Modern Crusaders","Enigma","Love Sensuality Devotion: The Greatest Hits","all of it","Playlist","3130009"
"Shadows In Silence","Enigma","Love Sensuality Devotion: The Greatest Hits","all of it","Playlist","3130010"
"Return To Innocence","Enigma","Love Sensuality Devotion: The Greatest Hits","all of it","Playlist","3130011"
"Silence Must Be Heard","Enigma","Love Sensuality Devotion: The Greatest Hits","all of it","Playlist","3130015"
"Age Of Loneliness","Enigma","Love Sensuality Devotion: The Greatest Hits","all of it","Playlist","3130020"
"Beyond The Invisible","Enigma","Love Sensuality Devotion: The Greatest Hits","all of it","Playlist","3130019"
"Inside Out","Eve 6","Eve 6","all of it","Playlist","2311279"
"Distant Past","Everything Everything","Get To Heaven","all of it","Playlist","129461228"
"The Way","Fastball","Painting The Corners: The Best Of Fastball","all of it","Playlist","24223581"
"Cheap Beer","FIDLAR","FIDLAR","all of it","Playlist","441691972"
"No Waves","FIDLAR","FIDLAR","all of it","Playlist","441692002"
"40oz. On Repeat","FIDLAR","Too","all of it","Playlist","441686322"
"You Picked Me","A Fine Frenzy","One Cell In The Sea","all of it","Playlist","15677649"
"Near To You","A Fine Frenzy","One Cell In The Sea","all of it","Playlist","15677657"
"Almost Lover","A Fine Frenzy","One Cell In The Sea","all of it","Playlist","15677651"
"Blow Away","A Fine Frenzy","Bomb In A Birdcage","all of it","Playlist","15677690"
"Breakin' the Chains of Love","Fitz and The Tantrums","Pickin' up the Pieces","all of it","Playlist","92605290"
"Dear Mr. President","Fitz and The Tantrums","Pickin' up the Pieces","all of it","Playlist","92605292"
"Pickin' up the Pieces","Fitz and The Tantrums","Pickin' up the Pieces","all of it","Playlist","92605294"
"Moneygrabber","Fitz and The Tantrums","Pickin' up the Pieces","all of it","Playlist","92605296"
"L.O.V.","Fitz and The Tantrums","Pickin' up the Pieces","all of it","Playlist","92605298"
"News 4 U","Fitz and The Tantrums","Pickin' up the Pieces","all of it","Playlist","92605300"
"Don't Gotta Work It Out","Fitz and The Tantrums","Pickin' up the Pieces","all of it","Playlist","92605302"
"Rich Girls","Fitz and The Tantrums","Pickin' up the Pieces","all of it","Playlist","92605304"
"Winds of Change","Fitz and The Tantrums","Pickin' up the Pieces","all of it","Playlist","92605306"
"Tighter","Fitz and The Tantrums","Pickin' up the Pieces","all of it","Playlist","92605308"
"Mayday!!! (Album Version)","Flobots","Fight With Tools","all of it","Playlist","982433"
"Same Thing (Album Version)","Flobots","Fight With Tools","all of it","Playlist","982436"
"Stand Up (Album Version)","Flobots","Fight With Tools","all of it","Playlist","982470"
"Handlebars","Flobots","Fight With Tools","all of it","Playlist","982474"
"Fight With Tools (Album Version)","Flobots","Fight With Tools","all of it","Playlist","982473"
"Never Had It (Album Version)","Flobots","Fight With Tools","all of it","Playlist","982475"
"Everything","FM-84","Atlas","all of it","Playlist","123697210"
"Running in the Night","FM-84","Atlas","all of it","Playlist","123697212"
"Tears","FM-84","Atlas","all of it","Playlist","123697214"
"Chasing Yesterday","FM-84","Atlas","all of it","Playlist","123697216"
"Let's Talk","FM-84","Atlas","all of it","Playlist","123697218"
"Arcade Summer","FM-84","Atlas","all of it","Playlist","123697220"
"Wild Ones (feat. Ollie Wride)","FM-84","Atlas","all of it","Playlist","123697222"
"Don't Want to Change Your Mind (feat. Ollie Wride)","FM-84","Atlas","all of it","Playlist","123697224"
"Atlas (Interlude)","FM-84","Atlas","all of it","Playlist","123697226"
"Jupiter","FM-84","Atlas","all of it","Playlist","123697228"
"Goodbye (feat. Clive Farrington)","FM-84","Atlas","all of it","Playlist","123697230"
"Everlong","Foo Fighters","The Essential Foo Fighters","all of it","Playlist","1972268727"
"Times Like These","Foo Fighters","The Essential Foo Fighters","all of it","Playlist","1972268747"
"My Hero","Foo Fighters","The Essential Foo Fighters","all of it","Playlist","1972268777"
"Best of You","Foo Fighters","The Essential Foo Fighters","all of it","Playlist","1972268827"
"Learn to Fly","Foo Fighters","The Essential Foo Fighters","all of it","Playlist","1972268887"
"Bridge Burning","Foo Fighters","Wasting Light","all of it","Playlist","10287066"
"Rope","Foo Fighters","Wasting Light","all of it","Playlist","10287067"
"Arlandria","Foo Fighters","Wasting Light","all of it","Playlist","10287070"
"Tooth and Nail","Foreigner","Agent Provocateur","all of it","Playlist","675812"
"That Was Yesterday","Foreigner","Agent Provocateur","all of it","Playlist","675814"
"I Want to Know What Love Is (1999 Remaster)","Foreigner","Agent Provocateur","all of it","Playlist","675818"
"Growing up the Hardway","Foreigner","Agent Provocateur","all of it","Playlist","675820"
"Reaction to Action","Foreigner","Agent Provocateur","all of it","Playlist","675823"
"Stranger in My Own House","Foreigner","Agent Provocateur","all of it","Playlist","675827"
"A Love in Vain","Foreigner","Agent Provocateur","all of it","Playlist","675829"
"Down on Love","Foreigner","Agent Provocateur","all of it","Playlist","675832"
"Feels like the First Time","Foreigner","Foreigner (Expanded)","all of it","Playlist","6612487"
"Cold as Ice","Foreigner","Foreigner (Expanded)","all of it","Playlist","6612489"
"Hot Blooded","Foreigner","Double Vision (Expanded)","all of it","Playlist","3659571"
"Blue Morning, Blue Day","Foreigner","Double Vision (Expanded)","all of it","Playlist","3659572"
"You're All I Am","Foreigner","Double Vision (Expanded)","all of it","Playlist","3659573"
"Double Vision","Foreigner","Double Vision (Expanded)","all of it","Playlist","3659576"
"I Have Waited so Long","Foreigner","Double Vision (Expanded)","all of it","Playlist","3659578"
"Lonely Children","Foreigner","Double Vision (Expanded)","all of it","Playlist","3659579"
"Seasons (Waiting on You)","Future Islands","Singles","all of it","Playlist","75749474"
"Spirit","Future Islands","Singles","all of it","Playlist","75749475"
"Sun in the Morning","Future Islands","Singles","all of it","Playlist","75749476"
"Doves","Future Islands","Singles","all of it","Playlist","75749477"
"Back in the Tall Grass","Future Islands","Singles","all of it","Playlist","75749478"
"A Song for Our Grandfathers","Future Islands","Singles","all of it","Playlist","75749479"
"Light House","Future Islands","Singles","all of it","Playlist","75749480"
"Like the Moon","Future Islands","Singles","all of it","Playlist","75749481"
"Fall from Grace","Future Islands","Singles","all of it","Playlist","75749482"
"A Dream of You and Me","Future Islands","Singles","all of it","Playlist","75749483"
"Wicked Game (LP Version)","Giant Drag","Hearts And Unicorns","all of it","Playlist","2306808"
"Hey Jealousy","Gin Blossoms","New Miserable Experience","all of it","Playlist","2448344"
"Before the World Was Big","Girlpool","Before The World Was Big","all of it","Playlist","96932180"
"Go-Go Gadget Gospel","Gnarls Barkley","St. Elsewhere","all of it","Playlist","2658757"
"Crazy","Gnarls Barkley","St. Elsewhere","all of it","Playlist","2658758"
"St. Elsewhere","Gnarls Barkley","St. Elsewhere","all of it","Playlist","2658759"
"Gone Daddy Gone / I Just Want to Make Love to You","Gnarls Barkley","St. Elsewhere","all of it","Playlist","2658760"
"Smiley Faces","Gnarls Barkley","St. Elsewhere","all of it","Playlist","2658761"
"The Boogie Monster","Gnarls Barkley","St. Elsewhere","all of it","Playlist","2658762"
"Feng Shui","Gnarls Barkley","St. Elsewhere","all of it","Playlist","2658763"
"Just a Thought","Gnarls Barkley","St. Elsewhere","all of it","Playlist","2658764"
"Transformer","Gnarls Barkley","St. Elsewhere","all of it","Playlist","2658765"
"Who Cares?","Gnarls Barkley","St. Elsewhere","all of it","Playlist","2658766"
"Necromancer","Gnarls Barkley","St. Elsewhere","all of it","Playlist","2658768"
"Storm Coming","Gnarls Barkley","St. Elsewhere","all of it","Playlist","2658769"
"The Last Time","Gnarls Barkley","St. Elsewhere","all of it","Playlist","2658770"
"I Hear You Calling","Gob","The World According To Gob","all of it","Playlist","1634550192"
"Silhouette","Goldroom","West Of The West","all of it","Playlist","132628894"
"Lying To You","Goldroom","West Of The West","all of it","Playlist","132628904"
"Freeway Lights","Goldroom","West Of The West","all of it","Playlist","132628928"
"Feel Good Inc.","Gorillaz","Demon Days","all of it","Playlist","3129407"
"DARE","Gorillaz","Demon Days","all of it","Playlist","3129413"
"Clint Eastwood","Gorillaz","Gorillaz","all of it","Playlist","41050791"
"19-2000","Gorillaz","Gorillaz","all of it","Playlist","41050861"
"If You Must","Del the Funky Homosapien","Both Sides Of The Brain","all of it","Playlist","11998420"
"Somebody That I Used To Know","Gotye","Making Mirrors","all of it","Playlist","119615552"
"Eyes Wide Open","Gotye","Making Mirrors","all of it","Playlist","119615554"
"I Feel Better","Gotye","Making Mirrors","all of it","Playlist","119615558"
"Hearts A Mess","Gotye","Like Drawing Blood","all of it","Playlist","66898538"
"Coming Back","Gotye","Like Drawing Blood","all of it","Playlist","66898539"
"Learnalilgivinanlovin","Gotye","Like Drawing Blood","all of it","Playlist","66898541"
"Itchin' on a Photograph","Grouplove","Never Trust a Happy Song","all of it","Playlist","13544757"
"Tongue Tied","Grouplove","Never Trust a Happy Song","all of it","Playlist","13544758"
"Lovely Cup","Grouplove","Never Trust a Happy Song","all of it","Playlist","13544759"
"Colours","Grouplove","Never Trust a Happy Song","all of it","Playlist","13544760"
"Spun","Grouplove","Never Trust a Happy Song","all of it","Playlist","13544763"
"I'm with You","Grouplove","Spreading Rumours","all of it","Playlist","70336005"
"Ways to Go","Grouplove","Spreading Rumours","all of it","Playlist","70336008"
"Shark Attack","Grouplove","Spreading Rumours","all of it","Playlist","70336009"
"Didn't Have to Go","Grouplove","Spreading Rumours","all of it","Playlist","70336013"
"Borderlines and Aliens","Grouplove","Spreading Rumours","all of it","Playlist","70336006"
"Schoolboy","Grouplove","Spreading Rumours","all of it","Playlist","70336007"
"Welcome To The Jungle","Guns N' Roses","Greatest Hits","all of it","Playlist","1091041502"
"Sweet Child O' Mine","Guns N' Roses","Greatest Hits","all of it","Playlist","1091041512"
"Patience","Guns N' Roses","Greatest Hits","all of it","Playlist","1091041532"
"Paradise City","Guns N' Roses","Greatest Hits","all of it","Playlist","1091041542"
"Knockin' On Heaven's Door","Guns N' Roses","Greatest Hits","all of it","Playlist","1091041552"
"Civil War","Guns N' Roses","Greatest Hits","all of it","Playlist","1091041562"
"You Could Be Mine","Guns N' Roses","Greatest Hits","all of it","Playlist","1091041572"
"Live And Let Die","Guns N' Roses","Greatest Hits","all of it","Playlist","1091041602"
"Yesterdays","Guns N' Roses","Greatest Hits","all of it","Playlist","1091041612"
"Cockroach King","Haken","The Mountain","all of it","Playlist","108605170"
"Flagpole Sitta","Harvey Danger","Born In The 90s Forever Young","all of it","Playlist","1514482932"
"If I Were a Ship","Hey Ocean!","IS","all of it","Playlist","1634420972"
"Make a New Dance Up","Hey Ocean!","IS","all of it","Playlist","1634420982"
"Big Blue Wave","Hey Ocean!","IS","all of it","Playlist","1634420992"
"New Love","Hey Ocean!","IS","all of it","Playlist","1634421022"
"Be My Baby (Bonus Track)","Hey Ocean!","IS","all of it","Playlist","1634421112"
"Bring The Noise","Anthrax","Attack Of The Killer B's","all of it","Playlist","1104106"
"Cyco Vision","Suicidal Tendencies","Freedumb","all of it","Playlist","792006"
"Euro-Barge","The Vandals","Hitler Bad, Vandals Good","all of it","Playlist","78293980"
"Superman","Goldfinger","The Best Of Goldfinger","all of it","Playlist","7978573"
"Jerry Was A Race Car Driver","Primus","They Can't All Be Zingers","all of it","Playlist","1575503"
"Amoeba","Adolescents","Adolescents","all of it","Playlist","2128355"
"96 Quite Bitter Beings","CKY","Camp Kill Yourself, Vol.1","all of it","Playlist","69251197"
"Check","Zebrahead","Waste Of Mind","all of it","Playlist","624921"
"I'm Destroying The World","Guttermouth","Covered With Ants","all of it","Playlist","667612"
"Not The Same","Bodyjar","How It Works","all of it","Playlist","1589662"
"Majestic","Wax Fang","La La Land","all of it","Playlist","1245547222"
"World War II (Pt. 2)","Wax Fang","La La Land","all of it","Playlist","1245547232"
"At Sea","Wax Fang","La La Land","all of it","Playlist","1245547242"
"Cannibal Summer","Wax Fang","La La Land","all of it","Playlist","1245547252"
"The Doctor Will See You Now","Wax Fang","La La Land","all of it","Playlist","1245547262"
"Can You See the Light","Wax Fang","La La Land","all of it","Playlist","1245547272"
"Avant Guardian Angel Dust","Wax Fang","La La Land","all of it","Playlist","1245547282"
"Oh, Recklessness","Wax Fang","La La Land","all of it","Playlist","1245547292"
"Black & Endless Night Revisited","Wax Fang","La La Land","all of it","Playlist","1245547302"
"Wake Up Sleepyhead","Wax Fang","La La Land","all of it","Playlist","1245547312"
"How Long","Eagles","Long Road out of Eden","all of it","Playlist","479991032"
"No More Walks in the Wood","Eagles","Long Road out of Eden","all of it","Playlist","479991022"
"Busy Being Fabulous","Eagles","Long Road out of Eden","all of it","Playlist","479991042"
"What Do I Do With My Heart","Eagles","Long Road out of Eden","all of it","Playlist","479991052"
"Guilty of the Crime","Eagles","Long Road out of Eden","all of it","Playlist","479991062"
"I Don't Want to Hear Any More","Eagles","Long Road out of Eden","all of it","Playlist","479991072"
"Waiting in the Weeds","Eagles","Long Road out of Eden","all of it","Playlist","479991082"
"No More Cloudy Days","Eagles","Long Road out of Eden","all of it","Playlist","479991092"
"Long Road Out of Eden","Eagles","Long Road out of Eden","all of it","Playlist","479991132"
"Life in the Fast Lane (2013 Remaster)","Eagles","Hotel California (40th Anniversary Expanded Edition)","all of it","Playlist","426703702"
"Wasted Time (2013 Remaster)","Eagles","Hotel California (40th Anniversary Expanded Edition)","all of it","Playlist","426703712"
"One of These Nights (2013 Remaster)","Eagles","One of These Nights (2013 Remaster)","all of it","Playlist","68094422"
"Meds","Placebo","Meds","all of it","Playlist","1895402107"
"Infra-Red","Placebo","Meds","all of it","Playlist","1895402117"
"Post Blue","Placebo","Meds","all of it","Playlist","1895402157"
"Song to Say Goodbye","Placebo","Meds","all of it","Playlist","1895402227"
"Running Up That Hill","Placebo","Covers","all of it","Playlist","1895403967"
"The Package","A Perfect Circle","Thirteenth Step","all of it","Playlist","3092694"
"Weak And Powerless","A Perfect Circle","Thirteenth Step","all of it","Playlist","3092695"
"The Noose","A Perfect Circle","Thirteenth Step","all of it","Playlist","3092696"
"Vanishing","A Perfect Circle","Thirteenth Step","all of it","Playlist","3092698"
"Blue","A Perfect Circle","Thirteenth Step","all of it","Playlist","3092697"
"A Stranger","A Perfect Circle","Thirteenth Step","all of it","Playlist","3092699"
"The Outsider","A Perfect Circle","Thirteenth Step","all of it","Playlist","3092700"
"The Nurse Who Loved Me","A Perfect Circle","Thirteenth Step","all of it","Playlist","3092702"
"Pet","A Perfect Circle","Thirteenth Step","all of it","Playlist","3092703"
"Lullaby","A Perfect Circle","Thirteenth Step","all of it","Playlist","3092704"
"Schism","TOOL","Lateralus","all of it","Playlist","722078532"
"Parabola","TOOL","Lateralus","all of it","Playlist","722078552"
"Sober","TOOL","Undertow","all of it","Playlist","722093132"
"Dead Man's Ballet","Sixx:A.M.","The Heroin Diaries Soundtrack","all of it","Playlist","368183931"
"Permission","Sixx:A.M.","The Heroin Diaries Soundtrack","all of it","Playlist","368183971"
"Life is Beautiful","Sixx:A.M.","The Heroin Diaries Soundtrack","all of it","Playlist","368183881"
"My Heart Went Cold","The Thermals","We Disappear","all of it","Playlist","116818258"